{"entities":{"pages":{"Default-topic":{"id":"Default-topic","title":"This is the first topic","url":"default-topic.html","level":0,"tabIndex":0},"How-to":{"id":"How-to","title":"AccelQ","url":"how-to.html","level":0,"pages":["AccelQ-Overview"],"tabIndex":1},"AccelQ-Overview":{"id":"AccelQ-Overview","title":"AccelQ","url":"accelq-overview.html","level":1,"parentId":"How-to","tabIndex":0},"Starter":{"id":"Starter","title":"Starter","url":"starter.html","level":0,"tabIndex":2},"Reference":{"id":"Reference","title":"Reference","url":"reference.html","level":0,"tabIndex":3},"Overview":{"id":"Overview","title":"Overview","url":"overview.html","level":0,"tabIndex":4},"Tutorial":{"id":"Tutorial","title":"Tutorial","url":"tutorial.html","level":0,"tabIndex":5}}},"topLevelIds":["Default-topic","How-to","Starter","Reference","Overview","Tutorial"]}